request_rate,packet_size,cpu_usage,connection_time
5.496714153,147.9871087,26.62410863,1.046096221
4.861735699,138.4926737,29.27740665,1.569807495
5.647688538,121.1926074,26.0379004,1.793197233
6.523029856,107.0612644,28.46019235,2.943843829
4.765846625,133.9644663,20.53192667,2.278276562
4.765863043,127.8697077,31.06646854,1.332259215
6.579212816,137.9038644,30.00602738,2.243018145
5.767434729,132.703436,25.91455684,1.226348006
4.530525614,140.9910543,33.29622834,2.541345527
5.542560044,109.2952958,34.68785069,1.764437674
4.536582307,146.3478813,21.96220068,1.953181906
4.534270246,123.9519921,26.18637611,2.662898324
5.241962272,161.5052175,26.15428825,1.356418216
3.086719755,106.2162436,25.30048449,1.301440907
3.275082167,154.7192761,34.14737421,1.708200337
4.437712471,123.9582157,29.03086931,2.519189426
3.98716888,106.9716399,28.67742579,1.240326962
5.314247333,110.3222833,19.98068818,0.583922201
4.091975924,113.5930538,33.17709015,1.774420571
3.587696299,128.4833189,23.80370803,2.2758704
6.465648769,130.4567098,30.29966315,2.600130875
4.7742237,108.5259999,31.38688469,1.768419319
5.067528205,119.5129082,36.80329298,1.794286696
3.575251814,162.8454072,23.455898,2.576950367
4.455617275,154.5508634,14.90243922,1.06512915
5.11092259,128.7264734,30.91924772,1.805739612
3.849006423,120.7600696,39.00255591,2.095211945
5.375698018,122.4006265,36.19473176,2.224609361
4.39936131,132.2703595,31.04829708,1.745096653
4.70830625,99.5441487,27.54181907,2.017220506
4.398293388,114.8524693,34.03561298,0.755836323
6.852278185,86.62831852,25.132269,1.670875794
4.986502775,127.9844625,32.38178885,2.226754356
3.942289071,132.9439188,32.5273508,1.508852983
5.822544912,110.3362708,35.30104954,2.029492111
3.77915635,151.4797353,43.79830019,2.22343625
5.208863595,95.48468674,31.96207984,1.8287254
3.040329876,90.7125024,27.45518187,2.085231885
3.671813951,124.4890364,29.87212844,1.518633717
5.196861236,140.9419661,21.15462048,1.89669436
5.73846658,153.6785538,26.52643434,2.305108085
5.171368281,110.8223147,27.95358781,2.07848648
4.884351718,141.5736167,27.37955801,1.706734365
4.698896304,119.2298306,30.76177436,2.112108202
3.52147801,116.547454,25.88790034,2.357304895
4.280155792,137.6731987,35.60515334,0.975029361
4.539361229,133.0464576,30.00103532,2.579537032
6.057122226,88.47215686,29.95349839,1.831872631
5.34361829,149.530807,28.36052642,2.212744967
3.236959845,147.6018271,30.77595342,2.598623462
5.324083969,107.488746,34.12549132,1.314163151
4.61491772,127.9160707,25.66434892,1.645279499
4.323078,129.8806037,26.70941755,1.855725652
5.611676289,125.2134753,28.48136986,1.608123239
6.030999522,108.9938969,23.27064538,2.867468288
5.931280119,106.5675326,25.9037107,1.571613953
4.160782477,119.4889186,27.61889563,1.72222661
4.690787624,143.4545804,34.3719459,2.102194516
5.331263431,130.8720031,31.31280665,1.398925237
5.975545127,112.5877134,30.96794956,1.802159644
4.520825762,135.4339742,34.25448981,2.158726631
4.814341023,63.02914759,29.31314106,1.833569798
3.893665026,142.975314,31.95232425,1.953306571
3.803793376,85.20572442,29.48389124,1.735333944
5.812525822,112.7511812,31.32681175,1.242764845
6.356240029,97.60660211,27.08620671,2.160796606
4.927989878,94.10637049,17.80591421,2.877466536
6.003532898,143.2165357,29.32860419,2.009200815
5.361636025,110.645976,37.11374068,2.112632059
4.354880245,126.9300776,34.63107701,2.346361378
5.361395606,119.0615884,34.82698742,1.365334752
6.538036566,129.5408165,36.18065361,2.851257329
4.964173961,121.5364378,30.44328795,2.101164398
6.564643656,94.34015552,30.98657854,2.81592845
2.380254896,139.9253364,26.91174052,1.633483502
5.821902504,110.1248683,28.41963572,2.909030961
5.087047068,88.86836203,33.07885575,2.387577747
4.70099265,111.4376968,36.01942219,2.276520043
5.091760777,150.0151958,29.30276862,2.117012227
3.012431085,137.0044348,27.74905368,1.875735691
4.780328112,113.0269573,30.00263979,2.600265829
5.357112572,113.0148459,33.00603374,2.070179935
6.477894045,113.567299,22.78072592,1.016465148
4.481729782,161.5349597,18.51909523,1.441406769
4.191506397,127.638709,27.24731575,1.907077124
4.498242956,128.6008329,23.89643787,2.154999492
5.915402118,140.6056691,27.45929901,1.971705756
5.32875111,124.7757832,29.26109841,2.609485395
4.470239796,114.8191571,27.73375795,1.024449068
5.513267433,116.073003,37.26233767,2.071793968
5.097077549,118.5679748,31.63372382,1.091010387
5.968644991,119.2555553,31.5023718,2.379856148
4.297946906,134.5525909,33.11103572,1.952770643
4.672337853,121.0389177,24.30583441,2.209804986
4.607891847,134.6528015,35.19555894,1.56805852
3.536485052,118.3856684,29.62117857,2.639732466
5.296120277,121.5727038,33.35240309,2.520862332
5.261055272,80.03598631,24.64071383,2.291772152
5.005113457,138.3265535,22.23120617,1.935241377
4.765412867,126.9297695,34.08944829,2.289928643
3.584629258,139.9602022,31.88204763,1.646553716
4.579354677,62.07489244,25.48974223,2.42777783
4.657285483,161.7674941,25.65168459,2.824740447
4.197722731,117.2082074,35.62717392,2.53530528
4.838714288,142.1636563,24.05294054,1.635198765
5.404050857,99.20188146,38.21336477,2.180708659
6.886185901,132.2554781,25.49689633,1.353429228
5.174577813,98.93168874,33.19195963,2.286195156
5.257550391,107.5246208,28.35690762,2.225301706
4.925554084,158.2806271,33.01593716,1.06509183
3.081228785,116.186352,27.27942999,1.419108078
4.973486125,124.3486575,29.18603547,1.858430552
5.06023021,137.4013546,30.20459588,1.849570126
7.463242112,129.9136378,24.98906272,1.395261532
4.807639035,123.0083781,33.70412173,2.194489365
5.301547342,127.29922,27.43393217,2.125736804
4.96528823,168.0683117,28.85700042,1.902865434
3.831321962,118.8476241,25.02825313,1.62210425
6.142822815,124.0219809,17.18833171,2.524353563
5.751933033,141.0130879,29.04486119,2.827703557
5.791031947,142.1105187,42.06307711,1.758219258
4.090612545,143.7406061,33.92302144,1.693916541
6.402794311,132.7746044,29.9036981,2.245603833
3.598148937,97.13990175,28.68554585,1.82098531
5.586857094,152.6686306,30.11232946,1.9303014
7.190455626,97.07309214,32.73559558,2.369826576
4.009463675,126.0527093,24.09593592,1.045321956
4.43370227,104.914483,35.57160847,2.659151162
5.099651365,118.7172331,33.57690658,2.036340262
4.496524346,126.5752482,33.59092863,1.794253428
3.449336569,126.4271443,32.19237869,1.955382923
5.068562975,128.4384151,30.09808329,1.981214678
3.937696286,152.2742254,33.36430618,1.134399348
5.473592431,129.070686,32.95907067,2.747469114
4.080575766,115.1168673,28.22979645,2.020662816
6.549934405,139.2817434,27.13199114,2.221501065
4.216746708,143.7894098,30.50928148,2.475774885
4.677938484,95.4478437,37.74510076,1.489418771
5.813517217,131.9480014,23.80446462,2.23673595
3.769135684,134.0234548,22.66237367,1.866179455
5.227459935,114.0487299,30.82380421,2.423385388
6.307142754,147.5141363,30.25443851,0.93638629
3.392516765,116.9988883,30.86670832,1.95045285
5.184633859,122.5115291,31.21976599,1.698589672
5.259882794,116.5385635,28.88398873,2.216131475
5.781822872,120.311581,37.44931719,2.235022094
3.763049289,98.07449826,21.99548011,1.646187053
3.679543387,91.19898235,25.85751488,1.643913068
5.521941566,151.8901013,29.4837262,1.944667316
5.296984673,103.060773,21.78405594,1.551678886
5.25049285,100.172153,29.12072798,2.420991848
5.346448209,76.93219773,38.30735083,1.8153964
4.319975278,107.220765,30.10443244,0.54650589
5.232253697,93.53820413,31.15350453,1.812588972
5.293072473,152.8403032,23.69917617,1.48072809
4.285648582,140.1963418,26.91819296,1.184362092
6.865774511,106.2369931,28.1240181,1.381286681
5.473832921,165.0487161,28.41142452,2.054704236
3.808696503,139.6353097,36.40821898,2.664320414
5.656553609,113.5033723,32.7884553,2.156592237
4.02531833,70.0118857,24.44271022,1.696748306
5.787084604,165.8188515,31.23252389,2.227952098
6.158595579,92.20855066,32.49110874,1.770454845
4.179317682,87.09202506,35.70074519,1.652699815
5.963376129,140.4514086,37.90270343,1.422818666
5.412780927,168.7950481,24.92452904,1.124085597
5.82206016,147.6854564,25.94571244,1.805038147
6.896792983,131.2781824,23.71211071,2.079026745
4.754611884,131.8950868,28.8299007,1.951688165
4.246263836,137.0683112,32.33179187,1.792016536
4.11048557,135.1785718,34.93667258,1.52712697
4.184189715,125.6238285,29.62024488,2.304123096
4.922898291,122.0840221,28.40076238,1.34143404
5.341151975,118.7481374,30.75878996,2.388013957
5.276690799,104.9207082,25.82428549,1.498891491
5.827183249,114.3864985,40.44769361,1.623782381
5.013001892,86.14086372,21.96169486,1.266607405
6.453534077,118.0332075,30.92370289,1.749298927
4.735343167,100.2281779,40.1180311,2.487656229
7.720169167,97.92821366,30.03399922,2.257814044
5.625667348,123.597883,29.04980482,2.489211056
4.142842444,147.8400457,28.21277289,2.261071273
3.929107502,138.3663321,29.09804159,1.448165086
5.482472415,88.58998793,36.86424237,1.834605388
4.776537215,100.2074373,18.94069044,1.609900435
5.714000494,138.8154238,37.66716851,2.665287452
5.473237625,100.3502521,22.88021424,1.401605677
4.927171087,115.507337,28.66673835,2.446848845
4.153206282,131.001042,27.8537779,2.446476935
3.485152775,100.6331109,32.94276635,2.914810101
4.553485048,122.1075101,22.00937824,1.795156704
5.856398794,93.3194901,32.31086333,2.35616108
5.214093744,107.9726471,40.12154812,3.140825918
3.754261221,126.3956387,23.18412998,1.691179162
5.173180926,88.14012533,30.94853084,1.232479876
5.38531738,128.8094948,26.69008911,1.059994983
4.116142564,119.607244,32.12943603,2.356356014
5.153725106,131.0497991,30.09573889,1.058424896
5.058208718,124.4782827,26.79256545,1.813840474
3.857029702,147.2828086,32.43936142,2.218656594
5.35778736,122.5044901,39.02174055,2.092587768
5.560784526,111.4118892,29.04548104,2.212722432
6.083051243,122.4459501,33.59878971,2.111144928
6.053802052,130.8659606,23.53363521,2.639432907
3.622330632,120.9772014,25.21781812,1.52384181
4.06217496,120.8118338,32.36203139,1.661502431
5.515035267,105.9601662,37.42058014,1.613670277
5.513785951,106.7419816,31.77806674,2.415095906
5.515047686,91.94789456,28.43470985,2.450199294
8.852731491,154.9915349,29.99645703,2.22561266
5.570890511,95.12273529,23.74796133,2.591746833
6.13556564,106.141896,33.02257663,1.410979566
5.954001763,105.6318547,34.41166531,2.833612056
5.651391251,137.8984875,27.73954834,2.761619311
4.684730755,114.1010064,27.64978926,2.367810999
5.75896922,144.9548415,31.32939115,2.890899454
4.227174785,106.5301875,27.81640132,1.171688396
4.763181393,125.5798832,29.66933693,1.737775932
4.514636452,103.2930589,40.49860895,1.63234827
5.081874139,162.9029826,28.7648715,2.360739662
7.314658567,96.24803162,28.20829924,1.47492963
3.132734807,126.1964142,26.76229097,2.378747575
5.68626019,132.6755376,33.72095986,2.685268072
3.387284129,128.2759819,29.09387913,2.34760145
4.528068134,116.2942468,26.75313481,2.141875512
6.088950597,117.403586,36.60652016,1.50606333
5.064280019,120.8762294,37.09801502,1.576574517
3.922255222,117.05996,26.99788217,2.624809453
4.284696291,139.2775823,20.66730024,2.389674502
5.679597749,164.21046,35.03756845,1.98049024
4.269633368,108.8501643,26.57685087,1.791045227
5.21645859,92.60394041,33.953128,0.987096063
5.04557184,118.234359,20.14948091,1.464573791
4.348399652,171.5941868,34.46298669,2.955709544
7.143944089,103.9265086,23.94414035,1.359772214
5.633919022,152.7823361,33.6538206,2.094739911
2.974857413,153.5540163,30.07136534,2.503721987
5.186454315,108.9282352,25.2303029,1.372538666
4.338213535,131.3796616,27.96481844,2.092355237
5.852433335,152.5679325,33.43159228,2.468957769
4.207479262,112.4174452,30.52947227,2.006249661
4.885263559,115.9283928,32.9220649,3.434201528
5.504987279,108.3663817,39.88220292,1.165700371
5.865755194,99.70486539,22.17879194,2.529364265
3.799703593,107.0144491,38.08606287,1.913599131
4.665498764,95.52119466,30.52177969,2.385960077
4.525054689,120.6816694,25.50607976,2.220653576
4.346670767,104.6005354,23.34843187,1.633421901
6.76545424,124.6757182,29.05439805,2.114498196
5.404981711,88.88208708,34.60825056,1.071049274
3.739116046,126.6176046,29.3622544,2.30162375
5.917861947,136.6705792,37.55577465,2.149079233
7.122156197,80.12528715,22.74412155,2.319330084
6.032465261,127.4811314,29.93955526,2.529059163
3.480630034,144.5533798,23.73803278,2.18380992
4.515765927,95.80717963,31.81815941,2.07404471
6.266911149,153.4514477,34.43443695,1.559465832
4.292330534,128.3803802,27.89619103,1.643889618
5.443819428,105.8997629,16.97893072,2.59336731
5.774634053,118.8846184,30.99474073,2.718167703
4.073069528,131.1665383,32.18369276,1.880944782
4.940474644,121.5201078,32.02147377,2.023001374
1.75873266,130.7751198,36.17891096,1.547692813
3.975612359,101.5865281,24.6447316,2.586378423
4.747431849,123.3872165,33.40108053,2.332708412
3.752216818,91.72571006,35.96253756,2.970608718
6.632411304,117.7754788,21.10706208,1.560838461
3.569858622,101.9218472,31.59825913,1.81099605
4.559955513,105.2894011,27.47910084,2.115722961
5.130740577,144.7218635,29.59238663,2.323244769
6.441273289,141.8262024,31.73838242,1.892166181
3.564137849,132.1827624,27.56385718,1.563519455
6.163163752,98.15374471,26.6214596,2.440703764
5.010233061,113.671831,30.17076209,2.360567681
4.018491349,144.261954,24.56377031,1.54186295
5.462103474,122.8343383,24.57087436,2.677721401
5.199059696,166.3865908,33.39686641,2.585099355
4.399783123,127.8663568,24.25602982,2.067148249
5.069802085,123.8409823,33.3315625,2.039798931
4.614686403,113.8176707,32.31295646,2.277028886
5.113517345,122.6708181,21.37096636,1.569148465
5.662130675,116.9506033,26.61217674,2.01501574
6.586016816,134.1621735,35.97054702,0.923808228
3.762184501,139.1340463,25.09417234,2.438227823
7.133033375,104.2802108,27.67797869,1.219253389
3.0479122,93.37534093,32.31030447,2.751709914
4.848214905,83.27589254,33.91695255,1.834939953
5.588317206,130.1598265,28.74230557,1.894166509
5.280991868,97.93266788,27.01244903,1.686133047
4.37730048,76.94218814,37.11184931,1.855980563
4.79187775,127.7715721,38.69449832,2.709265673
4.506999065,169.8599903,34.89429025,0.756095672
4.410635243,119.8785818,30.42659071,2.638482693
5.849602097,136.7698155,25.95867139,2.169011741
5.357015486,121.6365872,25.84777797,1.396489176
4.307090405,118.0222069,32.61257053,1.462343803
5.899599875,138.3815297,32.0919911,2.838196514
5.307299521,114.1945091,37.00799296,1.52724656
5.812862119,125.3478463,33.25225046,1.423324745
5.629628842,126.4339561,22.48459849,2.568657271
4.171004989,106.6381909,35.25973809,2.169276438
4.43981896,139.840847,25.00969686,1.531037212
5.747293605,116.5008049,28.08014364,2.108312488
5.610370265,104.8850968,31.25100103,1.487123658
4.979098406,130.7301969,39.97833745,2.550410699
5.117327383,102.0306404,45.54959278,2.530685482
6.277664896,120.5636231,33.0336153,2.266003099
4.408428611,119.8176201,29.08401691,2.180830531
5.547097381,141.7179113,32.67252824,2.880594062
4.797807348,129.4939647,34.43827713,1.999843164
4.782318797,119.4994608,28.39666187,1.409062937
6.098776852,136.355326,38.97605678,2.224736956
5.825416349,147.804151,31.1503538,3.043023525
5.813509636,131.1562061,32.48871545,1.492620253
6.305478807,120.2070524,33.32962126,1.819268617
5.021003842,93.76327535,32.10793305,2.208223019
5.681952971,98.69772674,34.1947025,1.973047575
4.689733243,113.8955059,26.91373407,1.50884821
5.324166352,107.809756,27.20849123,2.560928928
4.869856946,116.2605739,24.49922884,3.160020361
5.096995965,121.1329985,32.19750615,2.09806573
5.595157025,130.5938551,33.89468252,1.547965855
4.181779317,118.5900244,32.28886433,1.225519737
7.092387276,129.7300329,38.37246217,2.128987991
3.993982619,121.2894883,29.97201991,2.551938672
3.785811387,80.49066867,33.34370828,2.237583873
6.158110874,101.2132921,24.54149562,1.99879808
5.791662694,117.1182489,28.06450149,1.705364174
5.624119817,95.80610514,33.47768879,1.453918184
5.628345509,131.9985746,34.24551055,2.417375663
4.987753227,150.6150166,28.53016526,2.456885811
4.102745629,144.375237,29.64200374,1.227135107
5.075804558,115.7311426,22.41063127,2.794919489
4.322838288,149.8145227,28.214854,2.28703561
5.975119733,122.9733491,34.45191582,2.699797323
4.852942618,113.2582806,32.87602508,1.328936126
4.174502803,107.7319467,32.50332861,1.317087922
4.678614158,113.9506063,30.24886844,1.925515345
5.412931454,112.2364636,30.03531579,2.251392213
4.436275447,123.4083244,26.6983943,2.898180411
4.177779604,123.2114796,33.4941421,2.353039457
5.243687211,120.0609204,32.10486472,1.878659362
5.244966571,128.7387634,32.46009424,1.486815396
4.493056825,143.8129255,27.36982579,2.615000286
4.528961694,138.9910827,19.2332854,1.517647287
5.232049937,90.30204063,35.48576356,2.814234277
3.551915659,68.9215773,27.60581272,1.857807675
3.592536226,138.6863982,25.68612118,2.795291036
4.281555779,92.66242603,33.46739456,2.339465645
4.786552848,115.504692,28.0399368,1.931502255
5.310907566,96.59773948,35.29968192,1.740301814
6.475356217,83.96039125,33.08502975,1.829546061
5.857659623,130.8292546,33.41784662,2.214158346
4.84006147,135.1831032,23.17022144,2.038578248
4.980983792,108.469792,36.05971993,1.703094296
3.997470635,68.17915416,31.30625266,1.917184295
4.981486864,109.075111,28.1536143,2.039288515
4.711341361,127.8360801,30.71694234,0.935632953
5.32271856,90.42176862,21.11882384,2.229084057
4.172769056,123.6671984,32.04326406,1.510139388
5.519346514,119.693803,24.85314246,1.423333798
6.532738913,131.58583,23.23664857,1.156327826
4.891239852,122.3916074,22.38820407,1.103053751
5.401711722,100.5386212,35.56344187,1.322276248
5.690143992,143.93143,26.85368303,1.645489521
4.598779528,116.8294085,37.66863855,2.976629569
5.224092482,119.4539092,27.32099268,1.737060162
5.012592401,101.3346408,21.46321021,2.088875053
5.097676099,111.134355,24.4173778,2.200240693
4.226990216,102.3039457,36.1790581,2.065532593
5.024510174,116.5410788,29.22050911,1.96127827
5.497998291,154.2341696,27.25856352,1.402353118
6.451143608,92.56197714,30.80009113,2.725463774
5.959270826,87.72877204,32.50891368,2.903598322
7.153182458,149.4234065,35.58699408,1.158670653
4.232652437,115.8135265,37.24249615,1.487985705
5.872320637,106.6185452,28.20115677,1.860094829
5.183342006,140.7980937,23.36976157,1.517731103
7.189802933,107.8876892,27.93267419,2.252982777
4.191701715,156.5201943,31.30140253,1.635863899
4.160278158,133.5585174,25.18120537,3.082528034
4.400607355,110.2417718,25.21424543,2.595274297
2.876104276,163.1461643,31.71893941,2.106287015
4.474244978,107.8857015,29.75673824,2.513493132
4.240867338,134.8419074,30.16398498,2.552950212
5.150393786,125.9858516,26.20752333,1.718026256
5.341755976,146.0348258,28.84799643,1.591891378
6.876170839,151.2302239,25.37883428,2.039071531
5.950423838,120.640083,34.45099206,2.430818062
4.423096344,104.9316426,35.17624667,2.069530199
4.101585329,129.1994429,20.76906069,1.211501759
5.491919172,106.4456926,25.3524457,1.598587778
3.679766793,160.267745,22.51735372,1.963013568
6.831458766,122.7307066,26.74988033,1.962167198
6.179440121,112.693569,29.58281015,2.986271088
4.530824348,123.6936061,22.7517739,1.307006029
3.286865471,93.05747421,25.39070093,2.252794621
6.353872374,100.5677192,24.98021314,2.744556554
4.885460155,144.0082782,31.03633665,3.135724873
6.237816312,106.8621144,30.34672169,1.797801288
3.405572341,99.06178035,26.39131223,2.245714726
4.400624977,130.7330551,30.88410436,2.284880179
5.0052437,143.7140831,27.26659958,2.097740866
5.046980594,134.3790662,28.64172445,1.950577399
4.549934529,139.9209537,38.36726045,2.217987695
5.622849932,104.8640982,36.70230526,0.733876957
3.932379571,91.56378667,23.50209382,2.341034745
4.857620515,150.026673,34.14866209,2.063088952
5.120295632,113.5464032,34.05698277,1.888762552
5.514438834,114.9833397,24.25868356,3.023431098
5.711614878,146.5638828,34.09388822,1.662532991
3.875357908,131.1246002,37.68965959,1.798462005
3.465885829,129.1177554,24.38727597,2.995776651
6.277676822,163.3000469,25.41248589,1.583969348
5.332314012,107.1296354,35.08830733,1.724942359
4.251513463,138.5568026,31.35747655,1.926487288
6.551151976,121.1402625,32.75738138,2.420367241
5.115674634,125.3718456,31.70294608,2.103901254
6.179297184,150.5693685,31.9534796,1.353687326
5.067518481,130.1567151,23.36763936,1.733915718
7.060747925,130.7659216,35.23658853,1.696322783
6.755340842,141.4501467,35.84794996,1.961389477
4.751035852,112.7009454,28.85304628,2.212921829
5.971570951,103.2158067,29.78261525,2.209102878
5.64537595,99.10381612,22.34446249,1.111994123
6.368631558,80.67286821,32.57127378,2.531970494
4.035076539,161.1241426,32.86028721,2.126284423
5.68605146,97.93583269,29.68904492,2.692266024
6.058424487,115.5749275,35.6217668,2.222099164
3.241260514,114.463734,28.32961385,2.550661479
3.816741487,126.148134,32.82302963,2.233272656
2.960767822,136.3147443,24.90167831,2.673112878
4.730593166,137.2094698,29.88223925,2.261125318
5.717542256,108.3384512,29.12822871,1.951042377
6.502357052,116.6575657,31.12653961,3.13621736
5.07409478,125.651599,28.15236536,2.444518561
6.628615546,115.0261775,29.34263702,2.286872211
3.619898542,152.1469115,34.13023586,1.361847792
3.296617561,129.819499,27.81617881,1.355846191
4.944452301,134.6975557,21.9671145,2.146357741
5.384065449,133.2576254,38.74791952,2.072760599
4.967305252,143.4694771,36.90727039,1.692938717
2.9325579,123.6204312,23.53868652,2.07049135
4.91087996,94.06336104,33.44853903,2.794313464
3.695530499,127.993759,27.48512615,2.347701237
5.669672549,106.9728621,31.31743608,1.429495745
5.366598246,109.4276664,31.47112065,1.944245586
4.060120214,131.7272804,28.827961,1.59751676
4.486133083,144.7656614,26.08117167,1.806150042
3.940786478,120.4254315,26.54729474,1.793192167
4.937320903,126.1766603,25.41904042,1.761177209
5.955142321,154.0442989,25.84088896,1.372432314
4.014273954,124.8150636,29.66410855,1.936172659
5.504046516,172.0336623,26.42120005,1.719696182
4.469742382,131.3101929,33.41026033,0.535275655
4.207127168,84.78474482,37.43623078,3.026486012
4.89296964,135.0668324,27.09973379,2.544384827
3.964757678,127.6231677,31.1970225,1.811849638
4.446350695,145.7950551,32.49842555,2.009409525
3.802122107,133.463627,32.36001135,1.414172826
6.964725133,117.2308803,30.37977634,2.847861439
5.035263552,95.51403527,33.71341209,2.948644347
4.300274492,115.8195349,32.41124476,2.078346864
5.213979911,102.9895909,23.81168789,2.511765322
4.88767195,108.389531,34.34578032,2.087643389
4.7790304,131.7715681,34.43645419,1.331637281
5.6141667,153.3980901,26.18356948,1.794088316
5.75750771,127.8934306,30.18968918,2.065963983
4.469498852,96.08233876,33.41664496,1.772726141
4.424181759,128.8920534,28.9534309,1.890673361
4.724948303,143.9326297,35.36489024,1.954300221
2.698078835,107.8043419,41.81936247,1.959560751
3.484808938,117.3196567,26.07006984,2.026129245
6.366874267,120.2937639,23.09477698,1.469697467
6.644967714,104.3020337,31.51909298,1.641491925
4.75096396,132.9656087,33.60781253,1.357707867
5.576556963,117.581037,28.84566813,2.488907775
5.311250155,128.3906489,37.26630332,0.947176529
8.078880808,102.2501564,23.306971,2.576795172
6.119574911,111.250834,33.46459312,2.693174699
4.872082409,134.4476272,26.9706959,1.848909707
4.044459559,112.543337,38.59688953,0.698431456
3.39355368,154.539277,39.96257677,1.819344719
5.203463636,112.0072763,26.16671706,1.967907919
4.243649255,124.4936945,27.25221432,1.49470089
3.57774629,138.6518166,34.29793943,1.742390803
4.353427116,91.63268534,28.06434675,2.765097599
3.918451996,84.78382376,29.77294391,2.332463581
6.687141635,89.48687371,30.1269421,1.537717943
5.881639757,145.2516821,20.40163422,1.201200415
4.992027359,108.9628371,29.93081127,1.836491341
6.479944139,171.1639857,26.55136113,1.89327161
5.077368308,108.715048,27.53438589,2.248099594
4.138715799,123.6910261,37.21816002,1.732341644
6.523124077,150.8421991,23.71746553,2.255749788
5.538910044,160.1218578,34.06602593,2.96757702
3.962753846,161.2300715,28.60518535,2.407750511
4.809661322,144.1673246,28.60119916,1.975955746
4.124381747,140.4812505,33.95185948,1.908424764
3.617200269,131.850539,31.70025647,1.821663433
5.926177548,135.5672215,32.85306499,2.590320456
6.90941664,108.9762857,34.8409233,1.686343277
3.601432426,103.6360223,28.34345808,2.022611354
5.562969237,119.9325109,26.93881633,2.025598951
4.349357431,116.5963075,24.57424737,1.749107904
4.512874616,110.935439,25.87294735,1.313767226
4.407606076,133.9277489,44.74547213,2.161487252
4.13600923,139.1061042,36.2233979,1.969498014
5.048521628,121.7681377,23.24462817,2.250120235
4.169049884,149.5506016,23.38771022,1.733199847
5.270456826,97.16621772,32.40933031,2.610410649
4.949761891,116.1268108,32.73632399,1.561613109
4.761051953,105.6635536,32.74441918,2.856020142
4.092436338,82.66926766,28.72522103,1.126181745
4.423228669,118.3463863,29.3727287,2.217385032
5.755391226,117.5650498,31.63939762,2.237715341
5.500917188,150.2689949,30.42946503,1.602221466
4.022444755,132.6162337,18.90349814,2.212196969
5.099332305,99.51626351,28.85100185,2.639759335
5.751387123,157.0818513,25.74296783,0.89159058
3.330594719,144.4206739,30.87605709,2.251372404
5.543360192,131.6419541,44.92629501,0.75336459
4.337376241,115.470318,31.83740833,1.517167598
5.570598669,100.8112153,28.43235157,2.814583182
4.236740843,112.5558645,34.60900751,1.709108983
3.195117899,141.7749724,32.41343944,1.413060018
3.372457562,157.6917261,32.10047245,1.901031136
5.048084947,150.8648706,33.03425297,3.033953169
5.259722502,110.2230116,40.28271782,1.084158876
4.095683375,97.60765133,24.34555782,1.474345044
5.638592459,122.8177249,32.36816038,2.748715842
3.338479938,84.63121269,25.36809435,2.928851172
4.933920201,126.4633543,32.77756323,1.948284388
3.7889838,117.0479483,25.40656744,1.380473649
4.348163892,110.67927,27.91316593,3.047921751
5.047398671,88.10593865,28.52455043,2.797221196
4.139586635,130.2720021,34.8790836,2.339473494
4.615444456,109.3459832,34.59227222,1.593798826
6.006292809,96.60166329,23.77141312,1.97548533
4.42310813,62.55475573,30.27467055,1.919819959
5.835692112,119.4497019,26.45210073,2.165425652
3.870293145,155.4450319,23.70747545,2.725500719
5.529804178,153.2251843,28.91491475,2.439708521
6.441568621,110.8580749,28.45758606,1.461311962
2.5283555,107.9557588,42.13358243,2.688248225
4.203104745,129.3754851,32.16479913,2.15656607
5.577072127,100.0322912,23.1119125,2.343532898
4.796954614,126.035838,27.17612998,2.73327043
5.371145873,135.3216056,35.10691648,1.444209875
4.396014813,144.5386645,40.44221386,1.982087211
5.086589787,117.9969185,22.07008344,1.734272724
4.844322765,115.926525,20.60037807,1.216070287
6.167782062,102.4403483,39.35482588,2.173354989
5.254420843,103.4623929,31.94807089,3.255778276
5.337602662,115.4704222,25.65853634,1.079961128
4.588123034,127.3473101,32.67314543,1.983859694
4.512393776,138.2716925,16.8212613,2.320271468
4.567441812,103.936421,30.01687753,2.061539101
5.394452142,149.8537714,31.63910586,1.943435974
4.579015519,114.577528,34.6213507,1.350391818
5.289774857,119.5726541,24.93052024,2.116393371
7.075400799,105.0557664,30.42843581,1.621618011
5.871124703,71.51519479,25.37287687,0.905039148
4.673976468,137.6809079,31.27691878,2.59729611
6.201213922,134.7368779,25.52326839,2.47919291
4.591924627,114.3734489,27.9594958,2.025830488
2.961875465,121.3398143,25.02092303,2.114537344
3.991913689,130.3187844,33.25568121,2.537159006
3.129208079,88.74908286,34.29225558,2.112169828
4.648486516,109.4189465,28.82689715,2.452008777
5.018418379,135.8852936,30.19118997,1.8512589
6.676437312,94.91421154,22.75704293,2.655991869
5.326927374,125.8711586,28.50161676,2.160392863
4.780899471,92.86836391,29.74897691,2.097025972
5.829405581,129.3285996,43.10396546,1.364969456
2.788864691,119.2871704,24.44016487,2.143477927
5.235614558,87.69736368,37.32088619,1.584022541
5.770865194,143.2947871,34.98429387,1.680858637
3.521413754,105.3081685,31.40318202,1.592312186
6.143754043,103.7949513,38.79310242,1.466882534
5.338496407,124.0113839,31.86052736,3.062385702
4.584712086,142.972747,31.94579598,2.665669531
5.632781866,99.68356362,29.73439673,2.960183751
7.270692858,121.233597,36.11784441,1.38855249
5.181866255,128.57633,35.48234617,2.035626875
5.248220586,133.8621121,26.87161356,1.353246187
4.5406391,123.5288311,23.40376403,1.652152561
4.150155631,112.6594432,28.98509681,1.540936508
5.830335817,103.4481956,25.99980718,2.619792003
4.143916174,121.7228777,29.68237713,1.801885161
5.071566237,98.55721976,36.18719067,2.534189667
4.522342553,61.57299033,27.71349172,2.302060445
5.478979826,128.7311961,29.78588309,3.151819376
5.333662105,138.0786968,30.29011367,1.260277888
6.037539944,72.74135129,34.24215441,2.62961662
4.489983601,99.80538591,18.76555333,2.573220435
4.730125065,132.3830852,26.96649853,1.513310581
4.021236284,161.1499094,31.05641846,2.503566668
4.55570674,120.4158742,36.00039478,2.168072482
5.377300493,105.4399412,27.54048776,1.88626187
5.756988617,116.3420712,20.61723647,1.588032257
4.077834676,147.4975284,33.09855723,1.640445274
5.86960592,107.0807164,26.82318806,3.024906048
6.355637859,104.0161599,24.0516667,2.000341409
5.413434903,110.3451296,26.87827305,2.391065001
6.876795813,100.9334278,29.07737321,1.604550309
4.226210801,122.4534063,26.97627668,1.610073527
3.755345297,152.4935692,18.97216971,2.540992405
3.221279751,126.4615855,34.48533098,1.325211894
6.496044311,114.95293,36.37437521,1.792393116
5.654365656,114.1637746,33.25760996,2.017013706
4.944415329,88.73618383,24.31157165,2.055686301
5.279968626,137.6621955,28.99254233,1.910453357
3.874510953,118.4432561,29.96739342,2.197909891
7.44575198,116.3904017,32.99397195,2.346427878
5.129221182,183.8621514,33.34170244,2.367318773
5.109394795,125.9750582,26.32913101,1.507098096
5.725766624,104.964179,30.40997778,1.857922451
5.481009232,111.4728481,32.28640202,2.597381431
5.223884024,142.9689142,37.27911161,2.447323594
4.209525545,122.2654082,33.5225327,1.313570274
5.471468357,91.23444043,33.94528344,2.17573995
6.882024496,138.3845787,30.41913314,1.010887375
6.345420046,106.6371183,37.05229573,2.023467451
6.593186627,157.4659555,32.04881398,2.948883508
4.488784324,141.6009613,25.69456045,1.526053641
4.01039518,111.0535621,37.01684985,1.582838477
4.87421308,145.6203272,33.48951636,2.382014891
5.055724912,121.3571102,27.78477989,1.228599242
6.094191518,137.0554735,27.60253516,1.683622485
3.30753537,129.6946563,31.48287773,2.298220569
6.529550319,103.0728669,32.31592398,1.682857076
4.841992101,107.1290034,30.98646133,1.882015006
4.57311893,140.5992164,31.55654337,2.372092855
3.987895625,113.3044934,38.49978687,2.210773042
3.345143328,111.9270307,35.35771576,2.133409198
5.823170584,100.8975484,30.95317796,1.83043886
5.073317967,128.4719813,34.7065529,2.185030558
3.7100391,161.2504984,24.83738048,1.93813366
3.704921228,98.64934171,31.98963525,2.228902805
4.664215301,120.4843891,39.04653175,1.751533987
6.669021525,148.2444111,28.90977052,1.908715513
4.740408649,118.4071722,25.76183036,1.505021104
3.496857047,129.0474359,26.73955556,1.982496195
4.754256936,98.75212944,24.55183481,1.594499568
4.72727643,128.5661419,26.07619046,1.442976775
2.303113357,116.2571147,28.14745951,2.129330574
4.945705133,139.7145999,22.9721649,2.106369888
4.76906547,143.747721,30.07809167,2.391436867
5.696206365,171.7912728,34.51138587,1.784437215
6.848956095,131.5926635,25.4612191,2.204026423
6.12656503,126.5159263,37.59641962,2.275398786
4.731111309,123.887686,32.55396044,2.222386904
3.893474091,112.9366741,35.15290293,1.587173159
7.573359803,126.7696769,26.71082723,2.074681741
5.059218434,114.0919718,34.27262614,2.182070148
5.013929292,123.3692195,24.5403305,2.003589233
4.975874913,146.3519507,34.4512375,0.956761171
5.198084761,99.86914869,30.8591967,2.080244812
4.855639588,142.7975712,32.7662561,3.10626552
4.426337993,146.3423013,24.12202697,1.819980366
4.453141059,117.6386295,25.52465079,1.635961451
4.96724673,77.56290202,32.98614109,2.18667428
4.456575229,107.8435603,25.25825998,2.156189105
4.287154217,145.9398909,32.31603146,2.596367583
5.106430228,119.5426388,23.16431097,1.371065922
4.745022783,100.0139554,34.24087106,2.365690126
6.503992989,109.9045016,23.83738343,2.295211031
2.349030192,136.8124005,32.76149969,1.928926732
6.091506852,130.9346714,33.12815467,2.169343659
6.246085192,115.221358,26.51614091,2.514728741
2.926609768,112.6635118,32.91013284,2.43615769
4.657312406,112.164837,31.30221132,1.428490344
4.628559134,101.5517963,27.30579072,2.410079093
3.592488305,152.3075138,24.95722658,1.967655697
4.222183312,113.5535906,20.18687154,2.036437049
3.889424155,144.3431704,31.74825024,2.036598496
6.752270443,150.426321,22.17598614,1.924878506
5.935678393,139.966218,30.476721,2.595853749
6.271555095,111.3675937,28.68275892,1.95814102
5.721672064,128.0746018,33.39571388,1.440226936
3.870948229,119.5160879,28.4897725,1.803235072
4.475479734,101.9259628,28.35276107,2.089347358
5.489374561,126.4871856,33.65935352,2.614607392
3.777872191,96.41920418,31.67529015,2.301547342
5.71299843,143.7535878,31.58077979,1.574732361
4.759674602,110.7076541,32.34633795,3.242594958
4.625179192,124.0231931,22.32213938,2.132387655
5.710959968,125.6657574,33.7839434,2.637695369
5.444263311,114.8219005,33.06234397,1.924142783
4.639033834,131.733876,24.91658436,2.266679622
6.159329803,110.5019269,28.77959763,2.419734252
3.918936672,137.4259459,29.80346356,2.609097356
5.615935607,93.0804064,29.32751608,2.528684153
5.593101258,122.5275916,31.66929983,2.4360985
4.690453561,158.77858,37.15683391,1.842456634
5.326133022,99.99337351,35.40883364,1.714126979
3.748886424,106.4451006,23.43890403,2.166303755
5.924027019,130.278157,33.11034995,2.466564036
4.815097864,123.5916356,36.6446666,1.88863965
4.477276979,127.012602,31.9340426,2.532585983
6.049009226,129.7837426,35.45490213,2.726308373
4.295656309,132.6944294,40.06135223,1.54183954
3.591538704,142.1939968,35.11854773,1.581539648
3.443370826,128.1963731,31.24654298,1.929812471
5.606009951,115.1748469,35.22544237,2.153806334
3.719570648,133.451474,30.72443917,1.737716493
6.754794182,157.9976387,30.11951522,2.676101339
2.918070592,117.3473251,28.24292882,2.212033431
6.696456368,100.5094139,37.81706679,2.019723524
5.211017467,142.1416134,25.90785667,1.282045238
4.903286888,117.5923767,37.66183862,1.342092092
4.455080913,76.54660908,32.49932062,2.140504625
5.399136114,136.9484335,23.00346913,0.933702187
4.962365298,109.2934363,31.83824646,2.506318705
6.103301882,118.1893344,19.49986746,1.920923078
5.114227649,126.6396066,33.12754008,3.621546485
5.150301761,123.8099936,34.42615741,3.153958125
4.636387788,134.1890363,27.03822022,1.909275465
4.943054376,111.2902726,30.61773848,1.946831499
5.307801769,130.262116,39.77078717,2.497790757
3.289831607,114.8090664,27.47126648,2.851586305
3.651814578,134.7762096,24.70546206,1.180985471
5.743264094,132.3073497,37.40831701,1.106812267
5.170865438,101.291226,39.81293595,1.688982597
4.816016664,141.7196423,30.01847836,2.291368792
5.018433933,109.2807311,35.05731518,2.248436795
5.347581705,136.161156,36.70737958,2.534885727
4.46024032,127.3457463,26.28757884,1.400151236
4.221695275,156.7636735,27.57347082,0.841928069
5.195845255,115.5306804,36.15437257,2.429007098
4.021627222,113.0136641,38.42507139,1.585901864
5.408252756,119.6116079,32.8144043,0.990756068
3.297416396,113.9364043,25.60092823,2.072531873
6.029155637,135.998838,39.93530556,2.396587844
5.472597482,87.67378783,27.34514551,1.938971434
5.256029734,98.92635162,28.32431109,1.771075807
5.982690984,98.64394157,31.71168917,1.920318884
6.665474444,139.0061518,37.7708021,1.814708619
6.014370065,154.2122675,34.26987988,1.325976444
3.159125769,117.9110156,32.0743275,1.642659662
3.720423033,116.6235655,32.31644265,2.260639953
4.375181422,121.4010433,30.21757334,2.160839271
5.02609105,143.2375661,32.79069757,2.084029903
5.51765902,101.4529373,17.35219961,1.502425759
4.274256187,124.7673797,28.5169627,1.909248419
5.186766764,139.5039526,31.20660967,0.911467477
4.244617068,130.0218834,24.24492958,2.089238332
4.388482197,123.7916323,31.93161659,2.714428854
3.593338903,140.0209219,28.9776439,1.262933934
4.076766754,65.93535414,38.77737849,1.707036163
3.648315394,133.5575064,37.86509863,2.164553389
4.024126747,106.9184863,27.67097215,2.626421317
6.053641797,83.38734206,29.24581144,1.775887692
4.050601111,130.224052,29.63026217,1.653874835
7.632382065,147.4731709,27.74170262,1.015538429
5.493317901,117.2510297,30.97512492,2.051719065
5.184836124,139.0574909,26.20858966,3.02103802
4.14164222,152.2455652,24.34692333,2.138679231
5.700309879,146.2982891,33.11355612,1.98886051
4.424362174,152.7992906,33.14764792,2.161041155
5.122009815,134.8425498,25.9784212,1.994453998
7.560084538,121.5086728,34.47677715,1.593492814
4.9039401,87.96068376,26.84211135,2.411639958
6.149273326,115.0787502,31.26582619,2.112880762
4.296823575,103.1350681,34.10172006,2.008806626
4.96501151,163.4188543,29.83193718,1.512316986
6.770800636,116.4822838,32.27370456,2.651753966
4.373032942,122.4640961,27.41785178,2.332351373
6.812448558,131.0297075,29.01766708,1.723539581
5.707751935,120.8720489,28.97070285,2.500912427
4.437533224,153.9010208,26.26710827,1.751214581
5.632407739,107.5470128,29.11612918,1.608998254
5.97255445,123.8921491,22.25690851,1.620148441
5.621809962,105.1505883,27.54423126,1.114465723
3.42977528,93.59954978,28.57562253,2.23577119
4.272862824,107.7646182,28.71910124,1.084427561
4.752481364,119.2592641,28.79251277,1.385778084
4.925566571,111.4139555,29.691179,0.962205995
5.620672098,106.1515804,32.39720759,1.956965154
5.177701001,91.87365073,34.37258537,1.92483977
3.664655641,118.3378885,26.75117387,1.836651893
5.380197851,89.90559252,23.98399572,1.478711153
5.610585745,135.2011193,24.78977794,1.413883123
5.559790448,121.6487951,27.56398539,2.232184932
6.080780726,90.84897001,28.24039341,1.724724034
5.833922155,113.8158185,26.15001967,2.158179161
5.459180079,104.9568719,23.51941668,1.557375657
4.929834289,126.3834902,27.71939586,2.090531371
3.339039066,146.8090089,30.9071331,2.651639019
5.429618219,82.49655061,32.97514733,2.2930829
5.207687687,122.3005216,27.21288473,1.793793091
5.271578837,116.7973441,27.93501089,2.128599485
3.723251424,133.4268015,25.36650846,1.879667413
3.91894346,124.2639326,29.84280415,2.003940092
6.053152853,104.9606134,25.75785683,1.837194474
4.960444846,113.6189213,32.86563907,1.917832397
5.681500697,104.0794829,21.07066754,2.106046677
5.028318376,141.5201428,28.20185164,1.50332065
5.029756139,120.426233,31.5055367,1.492060587
5.938283806,158.0238137,30.91917258,1.305728723
4.483955272,118.7867837,43.46516832,1.199864448
5.096120777,105.8318647,31.74900012,1.391358654
4.537724711,89.72571215,24.97972702,2.079731253
4.565503773,83.93720647,29.52267876,1.553606242
4.690827877,88.31728114,21.11876833,2.256807232
5.222133772,125.342533,29.59700125,2.017356874
4.521251378,130.1745005,25.83471971,1.015747893
6.255756126,88.37618596,34.57695138,2.327487792
4.105392698,137.9007663,27.25229863,2.405399323
4.813128356,110.338779,29.41617042,1.503068663
4.560268942,122.9358602,26.82221079,2.210095771
6.446977884,152.2444126,38.69425676,1.571750881
5.196554777,137.9367863,28.39378617,2.048835188
6.031844539,114.629387,39.16278522,1.367750797
3.514439627,102.1761555,34.07075881,1.103446774
5.267050266,76.96369197,32.41033364,1.808591405
5.889630796,105.6169336,31.84366574,1.938135527
5.082283989,115.7773952,31.96898649,1.801160153
6.065480375,100.2564095,20.3616371,1.407984721
4.48271155,117.3748607,28.60558303,1.800050469
6.40934744,121.5370377,34.22578986,2.134647376
7.298898124,115.5028804,29.75551408,1.977553485
4.63716144,106.9999484,22.97405077,2.091250515
4.554497479,123.3730934,29.73797775,1.6649424
6.453384477,128.838813,38.52052758,2.585858957
6.579572146,98.19201845,36.23445858,1.411913332
4.477139973,148.2186476,29.68997995,2.243780149
4.579813183,118.0282374,34.75724639,2.590945546
4.718215391,120.3769925,28.1674649,2.240454046
3.655549489,134.1642885,21.48064207,1.898737886
4.081348054,124.6643226,25.37767006,1.735851477
3.995859233,139.0627327,37.81444384,2.518043826
4.232202435,125.7424833,28.63003459,1.288512537
4.965315113,107.7512525,28.7830801,1.51493787
5.234214733,127.2300705,28.50080902,1.801221117
6.550500493,97.12547585,39.52068295,2.618826879
4.001645959,122.1711941,38.12979458,2.189883818
5.984322398,119.3354002,41.09390117,1.515977121
4.786011156,115.8376629,29.20477395,1.844846147
4.95053629,117.4292498,31.47812244,1.692838428
5.674819492,82.36301909,22.41678725,1.645105504
3.877277978,109.0255018,37.38467213,2.489444779
5.382409746,121.856898,24.16110224,1.314128435
5.166452208,123.1971278,31.08387782,2.804390428
5.492451264,99.44649718,24.51348736,2.414114845
5.289168644,145.3141568,27.05566587,2.545430835
7.45530014,102.676503,25.81368784,1.768530244
4.362260016,139.389144,26.9606237,1.92502964
4.469003045,128.5438872,27.30438648,1.283424093
4.376859474,107.0754538,27.25865603,1.737668796
4.444522881,155.5062179,34.16666956,2.246827424
4.362612873,96.12726336,24.47568603,2.648031531
6.189016531,138.3830835,31.10270714,1.446421592
6.420504248,140.0116464,36.08979576,1.817247032
4.429253706,106.5875958,27.43401818,1.92435039
4.167644427,147.849306,26.41040555,1.302105399
5.471415556,114.9990697,28.84737687,2.295674621
4.447776956,125.7738726,35.89862604,1.638004834
5.632931818,125.2064368,30.97053815,1.902304824
5.202923021,117.3138252,27.34392853,1.774025314
3.484255885,136.2161655,32.41938326,1.605330747
6.547505201,135.8697744,24.48853925,1.996477507
6.795877673,85.02936054,33.40679755,1.892195211
4.38721131,146.0868049,32.04303654,1.814071059
4.61229844,86.75016024,28.46095764,1.635769189
5.285865391,140.6509241,25.80707101,2.159762335
5.33445679,142.5341027,25.56659539,2.826808634
5.658544273,98.1806714,32.67408668,2.069943616
7.010204539,111.7837142,36.14490251,2.498059107
4.823052773,97.88590663,26.81346126,1.304889037
4.201702755,115.7015794,32.29193352,2.07888072
3.620680772,113.8393143,19.56486491,1.451315841
4.26906996,135.5932106,27.07691135,1.261537536
4.966873027,146.2061749,29.84470534,1.630314296
6.794557864,147.9136762,25.45158292,2.595949667
4.482388701,108.7566395,25.31746813,2.475007914
5.223787952,115.8155625,26.66110222,2.121502361
4.983577104,86.33123616,31.46096364,1.23364972
6.188393273,103.8825987,29.06335491,1.901859674
7.526932426,139.2970327,18.80884383,2.150850004
4.469131227,152.3116565,19.39649924,2.087768115
4.510560557,95.31302256,26.96567411,1.078103208
6.044160877,108.1507148,32.28843293,1.554841076
5.68189149,119.4718849,16.26247579,1.967961118
6.846707326,125.6032232,27.50134912,2.268145455
5.583928185,103.8079296,27.36876072,0.901936089
4.640707909,128.4812209,36.94168889,1.918938012
5.590654831,110.5232131,28.07489094,2.071524385
6.108703581,119.7109546,31.91494492,2.424805994
5.820482181,130.925685,30.7062857,2.346428792
5.507274031,120.1284454,19.3471676,2.291285659
6.06667469,111.2722822,33.84103608,1.600029747
6.16929559,117.8078039,31.07698253,1.045998931
6.382158991,118.2327408,32.5413432,1.803473621
5.648709888,112.5997794,49.63118853,2.500815913
4.83288192,114.8240787,19.5794353,2.696727264
5.146713686,151.9729434,38.62348325,2.355274551
6.206508967,131.218389,28.5627624,2.214670411
4.183064329,114.0903936,31.43664452,2.189819824
5.368673309,133.9390881,29.77243877,1.721940627
4.606661188,113.3236102,27.87881833,1.934969853
5.028744823,143.4624928,27.15083536,2.834534763
6.278451863,127.3928438,31.64754368,1.528720997
5.191099068,117.8539571,22.41413152,2.807389395
5.046436548,128.9543385,33.75289584,1.838985923
3.640143859,88.58247696,27.91902798,2.662716055
5.746253566,97.46465062,24.3496533,1.296592495
5.645484181,96.12149987,27.74993571,2.292952101
7.163254723,122.8588619,36.28574608,1.631614932
4.692221765,154.6503,27.32332456,1.292366404
5.219150328,164.6260029,31.79226809,2.109267021
5.249383684,132.761022,26.34521862,2.504735894
6.57745328,130.0168895,33.78960925,1.577529281
4.904704468,83.97884532,33.42753869,1.25049202
5.279021526,109.146524,39.24304417,1.954077618
5.60789651,104.244325,29.12218027,1.956282336
5.186609123,107.583048,33.34327402,2.274159814
4.553566385,116.6371236,30.4903377,2.474797286
5.194089993,110.5581884,36.47935891,1.970292409
6.07363175,80.41400379,26.40583806,2.927751657
3.973484701,134.9582051,33.72502656,2.112117372
5.132969674,98.54513949,29.02651352,1.826786747
4.299879185,124.7849373,29.67905911,1.19421632
6.195046629,161.4816534,30.45876242,1.86867024
3.476813095,101.6123082,31.26120198,1.831806527
4.441078153,69.39424955,29.41885478,2.480152398
5.377211875,114.2799156,31.07356592,2.231241812
6.565524029,142.0191927,37.89059029,1.410315439
4.934249739,159.1669491,34.92724843,2.086127193
4.444800473,95.40900811,34.34577296,2.335765586
6.881157069,129.9339845,27.72230237,2.76401568
3.5519861,110.6937909,25.55379586,2.443751984
2.801194043,117.8810329,34.77650279,2.380423327
5.44001445,172.8868669,34.38023396,2.030042997
4.497945776,89.94059343,37.36335338,2.194156003
3.978767183,125.0747932,26.98009687,2.62475245
5.708356447,129.3538634,28.85225672,1.333611301
5.243800714,141.7157265,21.80257919,1.825280336
4.435921369,121.9596631,28.03764447,1.613715626
3.719695601,126.1610108,34.98285255,2.189576559
5.872457328,112.1670287,27.6675231,2.615111088
5.650201178,125.3825388,33.20239898,1.701512857
4.900824136,113.1361545,29.04748447,0.804847816
6.846636996,132.4314378,31.62028514,1.793889627
3.929915234,112.6077933,24.26154305,2.456736866
3.474474829,127.5420079,30.42604725,2.268814951
4.30809193,119.4147437,15.04432015,2.214093124
4.954413984,142.521005,29.06551921,1.860003349
5.243339449,118.9721255,21.84763378,1.360484632
4.758763942,84.53935064,36.02997258,2.257647161
5.352055397,145.23843,33.88703676,1.582859095
3.748460576,101.885354,32.33335491,3.092048367
6.443764604,106.9246732,37.60503114,2.285253604
4.917848822,108.0867741,25.2554174,1.709675849
6.117295832,147.4887619,38.73681599,1.694307376
5.342725346,77.28651572,34.66095782,1.953527897
5.456753219,182.7549707,28.81722356,1.880249039
5.56976728,141.1211362,35.67810074,2.558416888
5.44770856,124.4647783,24.46853244,2.093208085
5.64272276,118.90212,25.87742919,1.634184131
6.32915253,125.7110815,26.95705138,2.945220343
5.19652117,130.4224486,27.35511146,2.024654166
5.709003758,132.9043117,24.71721179,2.384419838
4.910264306,131.1120893,36.11541534,1.695886746
6.440117215,121.7916136,28.705728,2.181557814
4.323607698,116.0532316,31.76252484,2.155554996
6.800940433,116.9745343,27.14824317,1.055175354
4.959842049,116.1018344,20.8969835,3.007637555
3.569224898,142.6754019,31.35028679,2.64532223
5.128104415,131.8711344,20.43872512,1.801402342
4.318948343,61.19222731,29.65682977,1.44886513
5.840643549,133.1180155,23.15842481,2.173780807
4.347376021,123.8947239,39.93638,2.04334885
4.553816567,119.6258249,34.55681361,2.177834474
3.110459269,112.2296309,30.52876896,2.095788698
4.547693681,142.4822544,36.31853339,2.253120495
2.576120673,138.9505292,25.76842011,2.72365285
3.416097177,104.5424466,32.71739689,2.284051603
5.760414656,128.1410457,30.99905217,1.475172251
5.785800159,100.5668653,31.32010041,2.681281426
5.425457562,92.4076367,36.3617675,2.820307282
4.033023857,107.4656555,33.66246051,3.576028367
4.952288644,137.2478694,31.44361831,1.438252983
4.996397461,139.0625009,21.72556282,2.121441007
3.841635311,130.2617084,25.19976852,0.958950648
6.503398302,134.5019157,29.38645533,2.276574578
5.877362291,130.3235657,30.46686187,1.725899851
4.779035826,107.1703681,24.34898138,2.961722897
5.026885839,128.6384509,42.05838338,1.612692515
5.208382808,136.0081905,37.58197028,1.155408481
2.958265132,135.0858266,33.0105916,1.76436813
4.752822617,143.7782674,30.36018431,1.012256114
4.318015752,134.1660769,28.93895515,2.375549727
3.99837999,127.0289642,25.2404077,0.967458477
4.718899707,141.4030048,30.38740259,2.014228791
6.797686527,119.4695748,31.2887627,0.96109409
5.640842861,102.362507,23.79119712,1.839851098
4.42882101,116.7386607,31.67088209,2.821689078
5.572582781,105.1019471,29.22370476,2.180323946
44.55053963,316.8672885,80.31513735,11.68020052
32.5620909,445.6902895,80.51646963,13.5479729
59.1738417,573.8402401,86.68738325,13.99983018
45.54031294,483.1089023,92.24982865,10.57391844
48.42558733,463.9221223,93.27858318,15.83307248
37.09829348,374.9232538,81.30059851,18.84343428
44.50494255,402.9826467,88.07544653,11.51742913
42.87448476,555.6145247,93.69844529,15.97808013
32.24687526,467.7654395,85.81959132,16.64739205
33.18481061,454.4226581,92.44348747,14.1933468
55.12417559,329.8739141,82.00543482,17.01097587
37.19459857,304.8084469,94.03091735,14.10731543
35.84874814,589.1055566,91.27134976,15.04637288
45.14734354,413.0958502,94.12001589,10.07353045
53.06241394,480.9639186,90.1492585,16.91720114
31.85839556,323.914522,85.45105898,16.61342679
47.30423759,504.9342857,94.07271759,10.38400877
33.57631329,579.7700126,84.13350164,13.68250107
31.09383152,472.6995759,84.98258783,19.79031841
31.58231856,337.8345967,90.51212627,14.20736563
55.02492325,474.5164582,91.47974449,15.01945405
33.53917451,529.9041639,93.94105226,19.09930158
31.35454093,421.924961,83.07203614,17.17261876
43.13699661,563.9513244,91.96997053,15.82070131
55.31980416,494.604886,91.0781908,17.97804681
37.87225129,569.7746755,80.95691834,18.64366266
42.65137853,487.0515934,85.80834712,14.56888072
31.19767598,339.3863916,84.24148186,14.75108365
43.47235542,392.9075133,84.56735637,13.86050936
47.32839242,360.5384845,94.74420319,19.6670614
47.12721161,572.6479493,89.6416612,16.97166254
39.97280077,528.1200202,90.76514237,10.83223066
39.46599542,502.9195107,94.64926456,18.62959623
33.19870857,390.2898959,85.65802674,14.80559941
41.00394962,355.2134316,92.02760253,10.68753906
32.98484007,526.9353264,86.51796445,15.49717255
52.99787834,442.2473838,93.04300508,14.17164279
58.98822893,367.7368656,82.70986312,18.77749405
59.1022337,484.9865934,94.21529266,12.03994604
55.95213298,312.1001556,83.28157563,18.26464609
48.02376448,397.8510762,84.8933076,15.57688691
51.02597092,440.5670984,91.34288351,10.54610303
38.55617408,344.3875002,85.90632712,19.71845301
48.92311261,595.3963433,89.12317065,15.12615244
43.66948648,362.7292094,86.66860252,12.90876854
44.46052019,339.105939,91.13554906,14.69406842
52.73329681,361.0604622,83.42496879,18.57857784
38.45755067,530.7183399,80.87686981,13.04903124
39.54118835,427.6516978,84.49894096,11.92676396
57.73925373,469.6247819,87.11462997,11.29071247
